INSERT INTO MSFT VALUES ('Jan-2017', 0.0506);
INSERT INTO MSFT VALUES ('Oct-2016', 0.1176);
INSERT INTO MSFT VALUES ('Jul-2016', 0.18969999999999998);
INSERT INTO MSFT VALUES ('Apr-2016', -0.0159);
INSERT INTO MSFT VALUES ('Jan-2016', 0.1304);
INSERT INTO MSFT VALUES ('Oct-2015', 0.1552);
INSERT INTO MSFT VALUES ('Jul-2015', 0.10710000000000001);
INSERT INTO MSFT VALUES ('Apr-2015', 0.2157);
INSERT INTO MSFT VALUES ('Jan-2015', 0.1);
INSERT INTO MSFT VALUES ('Oct-2014', 0.102);
INSERT INTO MSFT VALUES ('Jul-2014', -0.0333);
INSERT INTO MSFT VALUES ('Apr-2014', 0.0968);
INSERT INTO MSFT VALUES ('Jan-2014', 0.1471);
INSERT INTO MSFT VALUES ('Oct-2013', 0.1481);
INSERT INTO MSFT VALUES ('Jul-2013', -0.2027);
INSERT INTO MSFT VALUES ('Apr-2013', 0.0746);
INSERT INTO MSFT VALUES ('Jan-2013', 0.08);
INSERT INTO MSFT VALUES ('Oct-2012', -0.0702);
INSERT INTO MSFT VALUES ('Jul-2012', 0.15869999999999998);
INSERT INTO MSFT VALUES ('Apr-2012', 0.0526);
INSERT INTO MSFT VALUES ('Jan-2012', 0.0263);
INSERT INTO MSFT VALUES ('Oct-2011', 0.0);
INSERT INTO MSFT VALUES ('Jul-2011', 0.18969999999999998);
INSERT INTO MSFT VALUES ('Apr-2011', 0.0);
INSERT INTO MSFT VALUES ('Jan-2011', 0.1324);
INSERT INTO MSFT VALUES ('Oct-2010', 0.1273);
INSERT INTO MSFT VALUES ('Jul-2010', 0.0851);
INSERT INTO MSFT VALUES ('Apr-2010', 0.07139999999999999);
INSERT INTO MSFT VALUES ('Jan-2010', 0.25420000000000004);
INSERT INTO MSFT VALUES ('Oct-2009', 0.25);
INSERT INTO MSFT VALUES ('Jul-2009', 0.0);
INSERT INTO MSFT VALUES ('Apr-2009', 0.0);
INSERT INTO MSFT VALUES ('Jan-2009', -0.0408);
INSERT INTO MSFT VALUES ('Oct-2008', 0.0213);
INSERT INTO MSFT VALUES ('Jul-2008', -0.0213);
INSERT INTO MSFT VALUES ('Apr-2008', 0.0682);
INSERT INTO MSFT VALUES ('Jan-2008', 0.087);
INSERT INTO MSFT VALUES ('Oct-2007', 0.15380000000000002);
INSERT INTO MSFT VALUES ('Jul-2007', 0.1471);
INSERT INTO MSFT VALUES ('Apr-2007', 0.0652);
INSERT INTO MSFT VALUES ('Jan-2007', 0.1304);
INSERT INTO MSFT VALUES ('Oct-2006', 0.129);
INSERT INTO MSFT VALUES ('Jul-2006', 0.0333);
INSERT INTO MSFT VALUES ('Apr-2006', -0.030299999999999997);
INSERT INTO MSFT VALUES ('Jan-2006', 0.0);
INSERT INTO MSFT VALUES ('Oct-2005', 0.0333);
INSERT INTO MSFT VALUES ('Jul-2005', 0.0323);
INSERT INTO MSFT VALUES ('Apr-2005', -0.0968);
INSERT INTO MSFT VALUES ('Jan-2005', 0.060599999999999994);
INSERT INTO MSFT VALUES ('Oct-2004', 0.0667);
INSERT INTO AAPL VALUES ('Jan-2017', 0.0435);
INSERT INTO AAPL VALUES ('Oct-2016', 0.006);
INSERT INTO AAPL VALUES ('Jul-2016', 0.0216);
INSERT INTO AAPL VALUES ('Apr-2016', -0.0355);
INSERT INTO AAPL VALUES ('Jan-2016', 0.0123);
INSERT INTO AAPL VALUES ('Oct-2015', 0.0426);
INSERT INTO AAPL VALUES ('Jul-2015', 0.0278);
INSERT INTO AAPL VALUES ('Apr-2015', 0.0639);
INSERT INTO AAPL VALUES ('Jan-2015', 0.1769);
INSERT INTO AAPL VALUES ('Oct-2014', 0.09230000000000001);
INSERT INTO AAPL VALUES ('Jul-2014', 0.0492);
INSERT INTO AAPL VALUES ('Apr-2014', 0.1381);
INSERT INTO AAPL VALUES ('Jan-2014', 0.032799999999999996);
INSERT INTO AAPL VALUES ('Oct-2013', 0.0482);
INSERT INTO AAPL VALUES ('Jul-2013', 0.0233);
INSERT INTO AAPL VALUES ('Apr-2013', -0.0088);
INSERT INTO AAPL VALUES ('Jan-2013', 0.0275);
INSERT INTO AAPL VALUES ('Oct-2012', -0.0203);
INSERT INTO AAPL VALUES ('Jul-2012', -0.09949999999999999);
INSERT INTO AAPL VALUES ('Apr-2012', 0.2263);
INSERT INTO AAPL VALUES ('Jan-2012', 0.3774);
INSERT INTO AAPL VALUES ('Oct-2011', -0.0356);
INSERT INTO AAPL VALUES ('Jul-2011', 0.3408);
INSERT INTO AAPL VALUES ('Apr-2011', 0.1963);
INSERT INTO AAPL VALUES ('Jan-2011', 0.19519999999999998);
INSERT INTO AAPL VALUES ('Oct-2010', 0.1457);
INSERT INTO AAPL VALUES ('Jul-2010', 0.1396);
INSERT INTO AAPL VALUES ('Apr-2010', 0.3704);
INSERT INTO AAPL VALUES ('Jan-2010', 0.7644);
INSERT INTO AAPL VALUES ('Oct-2009', 0.2727);
INSERT INTO AAPL VALUES ('Jul-2009', 0.1739);
INSERT INTO AAPL VALUES ('Apr-2009', 0.2202);
INSERT INTO AAPL VALUES ('Jan-2009', 0.27140000000000003);
INSERT INTO AAPL VALUES ('Oct-2008', 0.1351);
INSERT INTO AAPL VALUES ('Jul-2008', 0.1226);
INSERT INTO AAPL VALUES ('Apr-2008', 0.0943);
INSERT INTO AAPL VALUES ('Jan-2008', 0.0932);
INSERT INTO AAPL VALUES ('Oct-2007', 0.2024);
INSERT INTO AAPL VALUES ('Jul-2007', 0.2958);
INSERT INTO AAPL VALUES ('Apr-2007', 0.381);
INSERT INTO AAPL VALUES ('Jan-2007', 0.46149999999999997);
INSERT INTO AAPL VALUES ('Oct-2006', 0.24);
INSERT INTO AAPL VALUES ('Jul-2006', 0.2273);
INSERT INTO AAPL VALUES ('Apr-2006', 0.0682);
INSERT INTO AAPL VALUES ('Jan-2006', 0.193);
INSERT INTO AAPL VALUES ('Oct-2005', 0.027000000000000003);
INSERT INTO AAPL VALUES ('Jul-2005', 0.22579999999999997);
INSERT INTO AAPL VALUES ('Apr-2005', 0.4583);
INSERT INTO AAPL VALUES ('Jan-2005', 0.4894);
INSERT INTO AAPL VALUES ('Oct-2004', 0.5);
INSERT INTO NFLX VALUES ('Jan-2017', 0.15380000000000002);
INSERT INTO NFLX VALUES ('Oct-2016', 1.0);
INSERT INTO NFLX VALUES ('Jul-2016', 3.5);
INSERT INTO NFLX VALUES ('Apr-2016', 1.0);
INSERT INTO NFLX VALUES ('Jan-2016', 2.5);
INSERT INTO NFLX VALUES ('Oct-2015', 0.0);
INSERT INTO NFLX VALUES ('Jul-2015', 0.2);
INSERT INTO NFLX VALUES ('Apr-2015', 0.1493);
INSERT INTO NFLX VALUES ('Jan-2015', 0.6364);
INSERT INTO NFLX VALUES ('Oct-2014', 0.054900000000000004);
INSERT INTO NFLX VALUES ('Jul-2014', 0.0088);
INSERT INTO NFLX VALUES ('Apr-2014', 0.0361);
INSERT INTO NFLX VALUES ('Jan-2014', 0.21539999999999998);
INSERT INTO NFLX VALUES ('Oct-2013', 0.0833);
INSERT INTO NFLX VALUES ('Jul-2013', 0.19510000000000002);
INSERT INTO NFLX VALUES ('Apr-2013', 0.7222);
INSERT INTO NFLX VALUES ('Jan-2013', 2.0833);
INSERT INTO NFLX VALUES ('Oct-2012', 1.6);
INSERT INTO NFLX VALUES ('Jul-2012', 1.75);
INSERT INTO NFLX VALUES ('Apr-2012', 0.7143);
INSERT INTO NFLX VALUES ('Jan-2012', 0.3273);
INSERT INTO NFLX VALUES ('Oct-2011', 0.2211);
INSERT INTO NFLX VALUES ('Jul-2011', 0.1351);
INSERT INTO NFLX VALUES ('Apr-2011', 0.0374);
INSERT INTO NFLX VALUES ('Jan-2011', 0.2254);
INSERT INTO NFLX VALUES ('Oct-2010', -0.0278);
INSERT INTO NFLX VALUES ('Jul-2010', 0.1429);
INSERT INTO NFLX VALUES ('Apr-2010', 0.0926);
INSERT INTO NFLX VALUES ('Jan-2010', 0.2444);
INSERT INTO NFLX VALUES ('Oct-2009', 0.1304);
INSERT INTO NFLX VALUES ('Jul-2009', 0.0588);
INSERT INTO NFLX VALUES ('Apr-2009', 0.1562);
INSERT INTO NFLX VALUES ('Jan-2009', 0.1176);
INSERT INTO NFLX VALUES ('Oct-2008', 0.0645);
INSERT INTO NFLX VALUES ('Jul-2008', 0.024399999999999998);
INSERT INTO NFLX VALUES ('Apr-2008', 0.0);
INSERT INTO NFLX VALUES ('Jan-2008', 0.5714);
INSERT INTO NFLX VALUES ('Oct-2007', 0.4375);
INSERT INTO NFLX VALUES ('Jul-2007', 0.087);
INSERT INTO NFLX VALUES ('Apr-2007', -0.125);
INSERT INTO NFLX VALUES ('Jan-2007', 0.4);
INSERT INTO NFLX VALUES ('Oct-2006', 0.3077);
INSERT INTO NFLX VALUES ('Jul-2006', 0.2632);
INSERT INTO NFLX VALUES ('Apr-2006', 2.5);
INSERT INTO NFLX VALUES ('Jan-2006', 0.1333);
INSERT INTO NFLX VALUES ('Oct-2005', 0.0);
INSERT INTO NFLX VALUES ('Jul-2005', 15.0);
INSERT INTO NFLX VALUES ('Apr-2005', 0.1905);
INSERT INTO NFLX VALUES ('Jan-2005', 0.5556);
INSERT INTO NFLX VALUES ('Oct-2004', 0.0741);
INSERT INTO TSLA VALUES ('Oct-2016', 1.1228);
INSERT INTO TSLA VALUES ('Aug-2016', -0.3276);
INSERT INTO TSLA VALUES ('May-2016', -0.5897);
INSERT INTO TSLA VALUES ('Feb-2016', -2.7941000000000003);
INSERT INTO TSLA VALUES ('Nov-2015', -0.4225);
INSERT INTO TSLA VALUES ('Aug-2015', 0.41009999999999996);
INSERT INTO TSLA VALUES ('May-2015', 0.1358);
INSERT INTO TSLA VALUES ('Feb-2015', -4.2);
INSERT INTO TSLA VALUES ('Nov-2014', -0.9333);
INSERT INTO TSLA VALUES ('Jul-2014', 0.3333);
INSERT INTO TSLA VALUES ('May-2014', -0.6);
INSERT INTO TSLA VALUES ('Feb-2014', 2.5);
INSERT INTO TSLA VALUES ('Nov-2013', NULL);
INSERT INTO TSLA VALUES ('Aug-2013', 0.2778);
INSERT INTO TSLA VALUES ('May-2013', 1.0);
INSERT INTO TSLA VALUES ('Feb-2013', -0.2188);
INSERT INTO TSLA VALUES ('Nov-2012', -0.061200000000000004);
INSERT INTO TSLA VALUES ('Jul-2012', 0.0291);
INSERT INTO TSLA VALUES ('May-2012', -0.1026);
INSERT INTO TSLA VALUES ('Feb-2012', -0.1304);
INSERT INTO TSLA VALUES ('Nov-2011', 0.0455);
INSERT INTO TSLA VALUES ('Aug-2011', -0.0909);
INSERT INTO TSLA VALUES ('May-2011', 0.0385);
INSERT INTO TSLA VALUES ('Feb-2011', -0.0784);
INSERT INTO TSLA VALUES ('Nov-2010', 0.04650000000000001);
INSERT INTO TSLA VALUES ('Aug-2010', NULL);
INSERT INTO TSLA VALUES ('Mar-2010', NULL);
INSERT INTO TSLA VALUES ('Dec-2009', NULL);
INSERT INTO TSLA VALUES ('Sep-2009', NULL);
INSERT INTO TSLA VALUES ('Jun-2009', NULL);
INSERT INTO TSLA VALUES ('Mar-2009', NULL);
INSERT INTO TSLA VALUES ('Dec-2008', NULL);
INSERT INTO TSLA VALUES ('Sep-2008', NULL);
INSERT INTO TSLA VALUES ('Jun-2008', NULL);
INSERT INTO TSLA VALUES ('Mar-2008', NULL);
INSERT INTO TSLA VALUES ('Dec-2007', NULL);
INSERT INTO TSLA VALUES ('Sep-2007', NULL);
INSERT INTO TSLA VALUES ('Jun-2007', NULL);
INSERT INTO TSLA VALUES ('Mar-2007', NULL);
INSERT INTO TSLA VALUES ('Dec-2006', NULL);
INSERT INTO TSLA VALUES ('Sep-2006', NULL);
INSERT INTO TSLA VALUES ('Jun-2006', NULL);
INSERT INTO TSLA VALUES ('Mar-2006', NULL);
INSERT INTO TSLA VALUES ('Dec-2005', NULL);
INSERT INTO TSLA VALUES ('Sep-2005', NULL);
INSERT INTO TSLA VALUES ('Jun-2005', NULL);
INSERT INTO TSLA VALUES ('Mar-2005', NULL);
INSERT INTO TSLA VALUES ('Dec-2004', NULL);
INSERT INTO TSLA VALUES ('Sep-2004', NULL);
INSERT INTO TSLA VALUES ('Jun-2004', NULL);
INSERT INTO BAC VALUES ('Jan-2017', 0.0526);
INSERT INTO BAC VALUES ('Oct-2016', 0.2059);
INSERT INTO BAC VALUES ('Jul-2016', 0.0588);
INSERT INTO BAC VALUES ('Apr-2016', -0.0455);
INSERT INTO BAC VALUES ('Jan-2016', 0.037000000000000005);
INSERT INTO BAC VALUES ('Oct-2015', 0.0882);
INSERT INTO BAC VALUES ('Jul-2015', 0.25);
INSERT INTO BAC VALUES ('Apr-2015', -0.069);
INSERT INTO BAC VALUES ('Jan-2015', 0.0323);
INSERT INTO BAC VALUES ('Oct-2014', 0.8889);
INSERT INTO BAC VALUES ('Jul-2014', 0.069);
INSERT INTO BAC VALUES ('Apr-2014', -2.0);
INSERT INTO BAC VALUES ('Jan-2014', 0.11539999999999999);
INSERT INTO BAC VALUES ('Oct-2013', 0.5556);
INSERT INTO BAC VALUES ('Jul-2013', 0.28);
INSERT INTO BAC VALUES ('Apr-2013', -0.1304);
INSERT INTO BAC VALUES ('Jan-2013', 0.5);
INSERT INTO BAC VALUES ('Oct-2012', -1.0);
INSERT INTO BAC VALUES ('Jul-2012', 0.2667);
INSERT INTO BAC VALUES ('Apr-2012', 1.3846);
INSERT INTO BAC VALUES ('Jan-2012', -0.3478);
INSERT INTO BAC VALUES ('Oct-2011', 0.4);
INSERT INTO BAC VALUES ('Jul-2011', 0.011000000000000001);
INSERT INTO BAC VALUES ('Apr-2011', -0.3704);
INSERT INTO BAC VALUES ('Jan-2011', -0.7895);
INSERT INTO BAC VALUES ('Oct-2010', 0.6875);
INSERT INTO BAC VALUES ('Jul-2010', 0.1739);
INSERT INTO BAC VALUES ('Apr-2010', 2.1111);
INSERT INTO BAC VALUES ('Jan-2010', -0.11109999999999999);
INSERT INTO BAC VALUES ('Oct-2009', -1.6);
INSERT INTO BAC VALUES ('Jul-2009', 0.375);
INSERT INTO BAC VALUES ('Apr-2009', 9.4);
INSERT INTO BAC VALUES ('Jan-2009', -8.333300000000001);
INSERT INTO BAC VALUES ('Oct-2008', -0.8154);
INSERT INTO BAC VALUES ('Jul-2008', 0.2632);
INSERT INTO BAC VALUES ('Apr-2008', -0.43479999999999996);
INSERT INTO BAC VALUES ('Jan-2008', -0.7619);
INSERT INTO BAC VALUES ('Oct-2007', -0.2407);
INSERT INTO BAC VALUES ('Jul-2007', 0.0667);
INSERT INTO BAC VALUES ('Apr-2007', 0.0174);
INSERT INTO BAC VALUES ('Jan-2007', 0.0085);
INSERT INTO BAC VALUES ('Oct-2006', 0.051699999999999996);
INSERT INTO BAC VALUES ('Jul-2006', 0.1091);
INSERT INTO BAC VALUES ('Apr-2006', 0.08);
INSERT INTO BAC VALUES ('Jan-2006', -0.0874);
INSERT INTO BAC VALUES ('Oct-2005', 0.0196);
INSERT INTO BAC VALUES ('Jul-2005', 0.0693);
INSERT INTO BAC VALUES ('Apr-2005', 0.1959);
INSERT INTO BAC VALUES ('Jan-2005', 0.0426);
INSERT INTO BAC VALUES ('Oct-2004', 0.0);
INSERT INTO GE VALUES ('Jan-2017', 0.0);
INSERT INTO GE VALUES ('Oct-2016', 0.0323);
INSERT INTO GE VALUES ('Jul-2016', 0.10869999999999999);
INSERT INTO GE VALUES ('Apr-2016', 0.0);
INSERT INTO GE VALUES ('Jan-2016', 0.04);
INSERT INTO GE VALUES ('Oct-2015', 0.23079999999999998);
INSERT INTO GE VALUES ('Jul-2015', 0.0);
INSERT INTO GE VALUES ('Apr-2015', 0.0333);
INSERT INTO GE VALUES ('Jan-2015', 0.0182);
INSERT INTO GE VALUES ('Oct-2014', 0.027000000000000003);
INSERT INTO GE VALUES ('Jul-2014', 0.0);
INSERT INTO GE VALUES ('Apr-2014', 0.0313);
INSERT INTO GE VALUES ('Jan-2014', 0.0);
INSERT INTO GE VALUES ('Oct-2013', 0.0286);
INSERT INTO GE VALUES ('Jul-2013', 0.0);
INSERT INTO GE VALUES ('Apr-2013', 0.1143);
INSERT INTO GE VALUES ('Jan-2013', 0.0233);
INSERT INTO GE VALUES ('Oct-2012', 0.0);
INSERT INTO GE VALUES ('Jul-2012', 0.027000000000000003);
INSERT INTO GE VALUES ('Apr-2012', 0.030299999999999997);
INSERT INTO GE VALUES ('Jan-2012', 0.0263);
INSERT INTO GE VALUES ('Oct-2011', 0.0);
INSERT INTO GE VALUES ('Jul-2011', 0.0313);
INSERT INTO GE VALUES ('Apr-2011', 0.10710000000000001);
INSERT INTO GE VALUES ('Jan-2011', 0.125);
INSERT INTO GE VALUES ('Oct-2010', 0.0741);
INSERT INTO GE VALUES ('Jul-2010', 0.11109999999999999);
INSERT INTO GE VALUES ('Apr-2010', 0.3125);
INSERT INTO GE VALUES ('Jan-2010', 0.1923);
INSERT INTO GE VALUES ('Oct-2009', 0.35);
INSERT INTO GE VALUES ('Jul-2009', 0.2917);
INSERT INTO GE VALUES ('Apr-2009', 0.1304);
INSERT INTO GE VALUES ('Jan-2009', 0.0);
INSERT INTO GE VALUES ('Oct-2008', 0.0);
INSERT INTO GE VALUES ('Jul-2008', 0.0);
INSERT INTO GE VALUES ('Apr-2008', -0.1373);
INSERT INTO GE VALUES ('Jan-2008', 0.0);
INSERT INTO GE VALUES ('Oct-2007', -0.056600000000000004);
INSERT INTO GE VALUES ('Jul-2007', 0.0192);
INSERT INTO GE VALUES ('Apr-2007', 0.0);
INSERT INTO GE VALUES ('Jan-2007', 0.0);
INSERT INTO GE VALUES ('Oct-2006', 0.0);
INSERT INTO GE VALUES ('Jul-2006', 0.0);
INSERT INTO GE VALUES ('Apr-2006', 0.0);
INSERT INTO GE VALUES ('Jan-2006', 0.0);
INSERT INTO GE VALUES ('Oct-2005', 0.0);
INSERT INTO GE VALUES ('Jul-2005', 0.0);
INSERT INTO GE VALUES ('Apr-2005', 0.027000000000000003);
INSERT INTO GE VALUES ('Jan-2005', 0.02);
INSERT INTO GE VALUES ('Oct-2004', 0.0);
